{
  "train": {
    "loss": 0.19237925230779432,
    "auc": 0.9857851239669422,
    "acc": 0.9636363636363636
  },
  "val": {
    "loss": 0.5160810360684991,
    "auc": 0.9341787439613526,
    "acc": 0.9
  },
  "test": {
    "loss": 0.6123001277446747,
    "auc": 0.8846618357487923,
    "acc": 0.9090909090909091
  }
}