{
  "train": {
    "loss": 0.24570438113402238,
    "auc": 0.9816859504132232,
    "acc": 0.9545454545454546
  },
  "val": {
    "loss": 0.6642928421497345,
    "auc": 0.9233091787439613,
    "acc": 0.8818181818181818
  },
  "test": {
    "loss": 0.5498671252280474,
    "auc": 0.927536231884058,
    "acc": 0.8727272727272727
  }
}