{
  "train": {
    "loss": 0.09878745721653104,
    "auc": 0.9963305785123967,
    "acc": 0.9727272727272728
  },
  "val": {
    "loss": 0.7173881754279137,
    "auc": 0.8629227053140096,
    "acc": 0.8181818181818182
  },
  "test": {
    "loss": 1.138301059603691,
    "auc": 0.8260869565217392,
    "acc": 0.8727272727272727
  }
}