{
  "train": {
    "loss": 0.17078681865876372,
    "auc": 0.9845950413223141,
    "acc": 0.9333333333333333
  },
  "val": {
    "loss": 0.4191029965877533,
    "auc": 0.8979468599033816,
    "acc": 0.8272727272727273
  },
  "test": {
    "loss": 0.6818112730979919,
    "auc": 0.8351449275362319,
    "acc": 0.7909090909090909
  }
}