{
  "train": {
    "loss": 0.004158243499907919,
    "auc": 1.0,
    "acc": 0.996969696969697
  },
  "val": {
    "loss": 1.7331981658935547,
    "auc": 0.8387681159420289,
    "acc": 0.8636363636363636
  },
  "test": {
    "loss": 1.7187009751796722,
    "auc": 0.7807971014492753,
    "acc": 0.8545454545454545
  }
}