{
  "train": {
    "loss": 0.052098811688748276,
    "auc": 0.9967603305785123,
    "acc": 0.9757575757575757
  },
  "val": {
    "loss": 0.7163868919014931,
    "auc": 0.8713768115942029,
    "acc": 0.8545454545454545
  },
  "test": {
    "loss": 0.6735924519598484,
    "auc": 0.8647342995169082,
    "acc": 0.8727272727272727
  }
}