{
  "train": {
    "loss": 1.7865647077560425,
    "auc": 0.55,
    "acc": 0.5555555555555556
  },
  "val": {
    "loss": 0.42726677656173706,
    "auc": 1.0,
    "acc": 0.8
  },
  "test": {
    "loss": 2.599214553833008,
    "auc": 0.11111111111111112,
    "acc": 0.5
  }
}