{
  "train": {
    "loss": 17.688106536865234,
    "auc": 0.625,
    "acc": 0.5555555555555556
  },
  "val": {
    "loss": 11.900655746459961,
    "auc": 0.75,
    "acc": 0.6
  },
  "test": {
    "loss": 30.556612014770508,
    "auc": 0.5,
    "acc": 0.5
  }
}