{
  "train": {
    "loss": 0.12656195283952085,
    "auc": 0.9982809917355372,
    "acc": 0.9787878787878788
  },
  "val": {
    "loss": 0.822277158498764,
    "auc": 0.91243961352657,
    "acc": 0.8818181818181818
  },
  "test": {
    "loss": 0.8932635318487883,
    "auc": 0.8158212560386473,
    "acc": 0.8545454545454545
  }
}