{
  "train": {
    "loss": 0.16822272488339382,
    "auc": 0.9846611570247934,
    "acc": 0.9363636363636364
  },
  "val": {
    "loss": 0.6382449567317963,
    "auc": 0.8756038647342994,
    "acc": 0.8454545454545455
  },
  "test": {
    "loss": 0.942280950024724,
    "auc": 0.7844202898550725,
    "acc": 0.8545454545454545
  }
}