{
  "train": {
    "loss": 22.87018585205078,
    "auc": 0.625,
    "acc": 0.5555555555555556
  },
  "val": {
    "loss": 15.29334545135498,
    "auc": 0.75,
    "acc": 0.6
  },
  "test": {
    "loss": 39.428306579589844,
    "auc": 0.5,
    "acc": 0.5
  }
}