{
  "train": {
    "loss": 1.1349941556426613,
    "auc": 0.9680661157024795,
    "acc": 0.8818181818181818
  },
  "val": {
    "loss": 1.7940077185630798,
    "auc": 0.9057971014492754,
    "acc": 0.8636363636363636
  },
  "test": {
    "loss": 1.7068024467444047,
    "auc": 0.8605072463768116,
    "acc": 0.8727272727272727
  }
}