{
  "train": {
    "loss": 0.09205319174295502,
    "auc": 0.9995371900826446,
    "acc": 0.9848484848484849
  },
  "val": {
    "loss": 3.7721415758132935,
    "auc": 0.7856280193236715,
    "acc": 0.8545454545454545
  },
  "test": {
    "loss": 3.299231174736633,
    "auc": 0.697463768115942,
    "acc": 0.8909090909090909
  }
}